カテゴリ1,カテゴリ2,サービス名称,リスク値,使用率
業務,CMS,A-BiSU エビス,65,15
業務,CMS,Alfresco Content Services,60,35
業務,CMS,BiNDup,50,65
業務,CMS,Connecty CMS on Demand,50,45
業務,CMS,CREAM:クリーム,40,75
業務,CMS,dino,60,65
業務,CMS,ferret One,35,45
業務,CMS,HeartCore ハートコア,20,80
業務,CMS,LeadGrid,50,90
業務,CMS,microCMS,55,65
業務,CMS,Movable Type,40,45
業務,CMS,Movable Type premium,65,30
業務,CMS,RCMS,65,95
業務,CMS,Scrmbl.,20,75
業務,CMS,WebStation,70,80
業務,CMS,writeWired CMS Platform,45,60
業務,CMS,Discoveriez,20,20
業務,CMS,Hoshitorn,30,60
業務,MCM,ABook,20,80
業務,FAX（デジタル化）,Easyファクス,45,25
業務,FAX（デジタル化）,faximoSilver,60,50
業務,FAX（デジタル化）,FNX e-受信FAXサービス,40,50
業務,FAX（デジタル化）,InterFAXサービス,60,45
業務,FAX（デジタル化）,トランザクトノFAXサービス,50,80
業務,デジタル化,2nd STE,25,80
業務,デジタル化,HGPscanServPlus,15,30
業務,デジタル化,調達・購買デジタル化サービス,15,60
業務,デジタル化,Urumo OMO,55,30
業務,デジタル化,MORTGAGE GATEWAY,25,95
業務,PDF,AxelaNote,30,25
業務,PDF,SKYCOM,65,55
業務,RPA,Automation 360,55,90
業務,RPA,Autoジョブ名人,30,90
業務,RPA,batton,45,85
業務,RPA,BizRobo!,65,80
業務,RPA,BizteX cobit,15,70
業務,RPA,EzRobot,30,90
業務,RPA,HRRobo,70,55
業務,RPA,MICHIRU RPA,30,40
業務,RPA,Owlgarden RPA,20,100
業務,RPA,PINOKIO,70,100
業務,RPA,Power Automate,15,60
業務,RPA,RaQubo,70,25
業務,RPA,RoboTANGO,45,20
業務,RPA,Robotic Crowd,55,50
業務,RPA,RPAロボパット,30,15
業務,RPA,SynchRoid,35,65
業務,RPA,WinActor,40,80
業務,RPA,WinActor®,70,35
業務,RPA,ナイス・ロボティックオートメーション,60,75
業務,RPA,マクロマン,50,30
業務,RPA,ロボパットDX,30,75
業務,コミュニケーション,postalk（ポストーク）,20,15
業務,コミュニケーション,Postbia,55,50
業務,コミュニケーション,Colla,20,50
業務,コミュニケーション,Nerve,45,95
業務,コミュニケーション,D-Agree,10,15
業務,コミュニケーション,InsuiteX,60,40
業務,コミュニケーション,Strap,30,50
業務,コミュニケーション,安否コール,20,60
業務,コミュニケーション,MeDaCa Pro,55,95
業務,コミュニケーション,MiiLike(ミライク),50,100
業務,コミュニケーション,soko-co,50,30
業務,コミュニケーション,OriHime eye + Switch,45,45
業務,コミュニケーション,We. for Remote Work,25,25
業務,コミュニケーション,gamba! ガンバ,65,20
業務,コミュニケーション,SONR,30,80
業務,コミュニケーション,SONR.,50,85
業務,コミュニケーション,Talknote,55,60
業務,コミュニケーション,TUNAG,50,55
業務,コミュニケーション,社内報アプリ,45,95
業務,コミュニケーション,KYO-YU,60,40
業務,コミュニケーション,Confluence,60,40
業務,コミュニケーション,DocBase,60,25
業務,コミュニケーション,eas,55,80
業務,コミュニケーション,InSite,15,80
業務,コミュニケーション,Liferay DXP,35,85
業務,コミュニケーション,nipo,50,35
業務,コミュニケーション,reporu,45,100
業務,コミュニケーション,Stock,55,60
業務,コミュニケーション,TRACERY（トレーサリー）,50,100
業務,コミュニケーション,welog,65,85
業務,コミュニケーション,ソクシル,55,90
業務,コミュニケーション,情報共有システム,45,75
業務,コミュニケーション,Quden,30,45
業務,コミュニケーション,Vet’sGO,30,75
業務,コミュニケーション,FieldPlus,60,45
業務,コミュニケーション,営業日報 MarkⅡ,15,60
業務,コミュニケーション,日報365,25,50
業務,コミュニケーション,未来日報,50,15
業務,コミュニケーション,pocketpost home,15,100
業務,コミュニケーション,WealthPark,15,75
業務,コミュニケーション,Hylable Discussion,60,90
業務,コラボレーション,バーチャルランチクラブ,35,20
業務,日程調整,Adjusty（アジャスティ）,45,40
業務,日程調整,Aipo アイポ,30,50
業務,日程調整,eeasy,35,70
業務,日程調整,jicoo,15,50
業務,日程調整,Nitte,50,15
業務,日程調整,Spir,30,25
業務,日程調整,TimeCrowd（タイムクラウド）,15,25
業務,日程調整,TimeRex,70,50
業務,日程調整,TimeTree,70,60
業務,日程調整,waaq Link,20,70
業務,日程調整,スケコン,50,10
業務,日程調整,ノリスケ,70,15
業務,日程調整,Calsket,25,90
業務,日程調整,Lifebear,70,90
業務,日程調整,eセールスマネージャーnano,45,55
業務,タスク管理,ReTask,45,75
業務,タスク管理,TeamToDO,35,45
業務,タスク管理,Time Designer,65,20
業務,チャット,Beat Shuffle,15,35
業務,チャット,ChatLuck,50,45
業務,チャット,Chatwork,70,80
業務,チャット,CScloud シーエスクラウド,50,75
業務,チャット,direct ダイレクト,35,55
業務,チャット,elgana,15,45
業務,チャット,InCircle,60,100
業務,チャット,LINE WORKS,15,35
業務,チャット,mend,40,75
業務,チャット,Parque,20,25
業務,チャット,SMART Message,20,35
業務,チャット,TEンWA テンワ,15,50
業務,チャット,TopicRoom,20,55
業務,チャット,Typetalk,35,95
業務,チャット,WowTalk,15,30
業務,チャット,Zoho Connect,15,35
業務,チャット,チャネルトーク,20,15
業務,チャット,M-Talk,40,45
業務,チャット,Chatbond,70,25
業務,チャットボット,AI Messenger,25,65
業務,チャットボット,AI-FAQボット,40,75
業務,チャットボット,AI.BiS,30,25
業務,チャットボット,AIさくらさん,45,15
業務,チャットボット,anybot,15,70
業務,チャットボット,BEDORE,10,85
業務,チャットボット,Benefitter,15,80
業務,チャットボット,BOTCHAN,40,80
業務,チャットボット,CAIWA Service Viii,30,90
業務,チャットボット,Chat Meet,60,15
業務,チャットボット,CHORDSHIP,45,85
業務,チャットボット,CLOVA Chatbot,50,40
業務,チャットボット,Cogmo Attend,15,45
業務,チャットボット,Collam,15,80
業務,チャットボット,COTOHA Chat & FAQ,55,70
業務,チャットボット,CScloud,60,35
業務,チャットボット,Desse,15,50
業務,チャットボット,FirstContact,40,90
業務,チャットボット,goo AI x DESIGN,65,35
業務,チャットボット,GoQSmile,70,50
業務,チャットボット,hachidori,55,20
業務,チャットボット,hitobo,65,35
業務,チャットボット,HubSpot,30,70
業務,チャットボット,IFRO,65,80
業務,チャットボット,KARAKURI,70,60
業務,チャットボット,LINC Biz bot,20,45
業務,チャットボット,LOOGUE FAQ,40,45
業務,チャットボット,minarai CS chat,40,65
業務,チャットボット,MOBI BOT,40,55
業務,チャットボット,My-ope office,25,100
業務,チャットボット,OfficeBot,55,35
業務,チャットボット,OKBIZ. for AI Chatbot,20,95
業務,チャットボット,Penglue,20,85
業務,チャットボット,PEP,20,10
業務,チャットボット,Rebot リボット,65,20
業務,チャットボット,Revive(リバイブ),50,30
業務,チャットボット,Robee,60,20
業務,チャットボット,sAI Chat,25,85
業務,チャットボット,sinclo,50,75
業務,チャットボット,SMART Message BOT,65,25
業務,チャットボット,Support Chatbot,55,90
業務,チャットボット,SYNALIO（シナリオ）,65,75
業務,チャットボット,TalkQA,65,65
業務,チャットボット,Third AI,45,95
業務,チャットボット,WhatYa,70,70
業務,チャットボット,Zeals,15,50
業務,チャットボット,サポートチャットボット,30,35
業務,チャットボット,スグレス,35,85
業務,チャットボット,チャットディーラー,25,95
業務,チャットボット,チャットプラス,35,75
業務,チャットボット,ビズリンクAIチャットボット,20,15
業務,チャットボット,AI CHAT,25,30
業務,チャットボット,KUZEN,70,40
業務,チャットボット,QA ENGINE,15,55
業務,チャットボット,tripla AIチャットボット,30,95
業務,チャットボット,hitTO,30,90
業務,チャットボット,Motto-Bot（モットボット）,20,75
業務,チャットボット,RESEROBO（リザーボ）,20,65
業務,チャットボット,Bebot,65,85
業務,チャットボット,ObotAI,15,30
業務,ナレッジ管理,Epoch-AI,55,50
業務,ナレッジ管理,HOT Knowledge,15,100
業務,ナレッジ管理,NotePM,30,55
業務,ナレッジ管理,Qast,30,30
業務,ナレッジ管理,toaster team（トースターチーム）,45,25
業務,ナレッジ管理,ナレッジリング,55,55
業務,プロジェクト管理,arata,20,20
業務,プロジェクト管理,Backlog,15,100
業務,プロジェクト管理,Being Management3,20,40
業務,プロジェクト管理,Brabio! ブラビオ,65,15
業務,プロジェクト管理,COMMU,50,65
業務,プロジェクト管理,FCタイムレポート,45,80
業務,プロジェクト管理,Googleキープ,40,90
業務,プロジェクト管理,JIRA,50,95
業務,プロジェクト管理,Jira Software,35,45
業務,プロジェクト管理,Lychee Redmine,25,55
業務,プロジェクト管理,Mammoth Project,35,30
業務,プロジェクト管理,Microsoft Project,15,20
業務,プロジェクト管理,My Redmine,55,95
業務,プロジェクト管理,OBPM Neo,60,70
業務,プロジェクト管理,Project Canvas,30,50
業務,プロジェクト管理,Redmine,50,40
業務,プロジェクト管理,SI Object Browser PM,55,95
業務,プロジェクト管理,SynViz S2,55,75
業務,プロジェクト管理,Time Krei,40,20
業務,プロジェクト管理,TimeTrackerFX,70,50
業務,プロジェクト管理,tracpath,35,25
業務,プロジェクト管理,Trello,35,10
業務,プロジェクト管理,ZAC,35,80
業務,プロジェクト管理,Zoho Projects,40,90
業務,プロジェクト管理,クラウドログ,40,20
業務,プロジェクト管理,シェアガント,15,100
業務,プロジェクト管理,タスクワールド,20,90
業務,プロジェクト管理,マンモスプロジェクト,35,65
業務,プロジェクト管理,みんなでガント.com,40,20
業務,プロジェクト管理,点検エース for ExcelR,50,50
業務,プロジェクト管理,SuperGoodMeetings,15,100
業務,マニュアル（動画）,tebiki,60,80
業務,マニュアル（動画）,COCOMITE,30,100
業務,マニュアル（動画）,soeasy buddy,70,75
業務,マニュアル（動画）,Teachme Biz,50,20
業務,マニュアル（動画）,テックタッチ,70,45
業務,マニュアル（動画）,Dojo,20,30
業務,マニュアル（動画）,Froom,50,25
業務,マニュアル（動画）,i-Share,55,65
業務,マニュアル（動画）,iTutor アイチューター,30,80
業務,マニュアル（動画）,WikiWorks,55,25
業務,マニュアル（動画）,マニュアルくん,35,65
業務,メール配信,blastmail,55,15
業務,メール配信,ClickM@iler,35,100
業務,メール配信,Combz Mail PLUS,50,30
業務,メール配信,Cuenote SR-S,30,40
業務,メール配信,Curumeru,50,60
業務,メール配信,Customers Mail Cloud,25,100
業務,メール配信,NEXLINK BASIC,60,50
業務,メール配信,メール配信ツール,40,85
業務,メール配信,楽メール,55,20
業務,メール配信,acmailer,60,65
業務,メール配信,BitplusPRO,60,55
業務,メール配信,CCCのメールサービス,65,85
業務,メール配信,ClickM@iler クリックメーラー,15,35
業務,メール配信,Cuenote FC,55,40
業務,メール配信,CX+（シーエックスプラス）,60,30
業務,メール配信,EXPA,30,95
業務,メール配信,HyperMail,60,20
業務,メール配信,Jcity,55,55
業務,メール配信,Mail Defender,35,70
業務,メール配信,MailStore Server,15,20
業務,メール配信,mmEXPRESS,20,50
業務,メール配信,MyASP,20,45
業務,メール配信,SENDMAGIC,35,65
業務,メール配信,Starseven,20,50
業務,メール配信,VPS-NEO,65,25
業務,メール配信,WEBCAS e-mail,15,55
業務,メール配信,WiLL Mail,65,100
業務,メール配信,アクセスメール,30,30
業務,メール配信,アスメル,65,20
業務,メール配信,アララ メッセージング ソリューション,35,20
業務,メール配信,オートビズ,20,95
業務,メール配信,オレンジメール,50,40
業務,メール配信,お名前.com メール配信システム,15,30
業務,メール配信,コンビーズメールプラス,15,100
業務,メール配信,さぶみっと！メール配信,70,55
業務,メール配信,ナウゲッタmail,70,100
業務,メール配信,パワーステップメール,50,50
業務,メール配信,ブラストメール,20,65
業務,メール配信,メールスマート,60,25
業務,メール配信,メール商人,45,90
業務,メール配信,メル配クン,60,30
業務,メール配信,ワイメール,20,30
業務,メール配信,楽メールEX,50,90
業務,メール配信,急コール,55,30
業務,メール配信,緊急メール連絡板,45,30
業務,メール配信,配配メール,55,40
業務,メール配信,SaleCycle,30,80
業務,メール配信,海外,65,30
業務,メール配信,@Securemail Plus,55,45
業務,メール配信,BRODIAEA safeAttach,20,40
業務,メール配信,CyberMail メール無害化ソリューション,70,70
業務,メール配信,matriXscan apex III,65,15
業務,メール配信,OneOffice MailSolution,65,30
業務,メール配信,Terrace Mail Suite,65,25
業務,メール配信,MuuMuuMail,35,15
業務,ワークフロー,ActionPassport,40,40
業務,ワークフロー,AppRemo,15,55
業務,ワークフロー,Create!Webフロー,20,30
業務,ワークフロー,Gluegent Flow,15,80
業務,ワークフロー,kickflow,65,95
業務,ワークフロー,MAJOR FLOW Z FORM,20,100
業務,ワークフロー,NCIWF,15,25
業務,ワークフロー,Nintex Workflow,60,40
業務,ワークフロー,OpenCube Workflow,30,15
業務,ワークフロー,SmartFlow,70,80
業務,ワークフロー,X-point Cloud,65,35
業務,ワークフロー,コラボフロー,20,90
業務,ワークフロー,賢人ワークフロー,60,90
業務,ワークフロー,Yoom（ユーム）,45,55
業務,ワークフロー,楽々WorkflowII,65,95
業務,会議室予約,iMeeting®-R,55,85
業務,会議室予約,ROOM CONCIER ルームコンシェル,65,75
業務,会議室予約,touch-mee,30,35
業務,会議室予約,WorkstyleOS,15,95
業務,業務改善,AppSuite,15,90
業務,業務改善,Gyazo,40,85
業務,業務改善,A!-Planner,45,45
業務,業務改善,kintone キントーン,35,55
業務,業務改善,Linkit,30,75
業務,業務改善,SmartDB,70,30
業務,業務改善,Autify,15,20
業務,業務改善,SKYATT,35,50
業務,業務改善,PPAT Bridal事業,25,70
業務,業務改善,LMIS,25,65
業務,業務改善,LEMONADE,40,70
業務,業務改善,SMART WORK KIT,65,80
業務,業務改善,Splashtop Business,65,80
業務,業務改善,Qasee,60,100
業務,業務改善,One Minutes,20,15
業務,業務改善,Arkプロセスマイニング,70,10
業務,業務改善,リスクアナライズ,20,80
業務,業務改善,iChain Base,35,35
業務,業務改善,Musubi,55,70
業務,業務管理,AYATORI,65,45
業務,業務管理,Bizer team,25,15
業務,業務管理,DESKTOP+Plus,65,55
業務,業務管理,Flow,25,45
業務,業務管理,Huddler,30,70
業務,業務管理,InnoScouter,50,45
業務,業務管理,octpath（オクトパス）,55,100
業務,業務管理,Questetra,50,30
業務,業務管理,TeamSpirit,55,15
業務,業務管理,Tocaro,30,90
業務,業務管理,Venus Cloud,30,85
業務,業務管理,カミナシ,15,20
業務,業務管理,らくらくBOSS,30,40
業務,業務管理,P2NetEX,40,80
業務,業務管理,ALL-IN,25,10
業務,業務管理,Chat&Messenger,25,90
業務,業務管理,Diamond Portal,20,40
業務,業務管理,ecat CLOUD,65,40
業務,業務管理,GroupSession byCloud,70,55
業務,業務管理,J-MOTTOグループウェア,40,30
業務,業務管理,mitoco,35,50
業務,業務管理,rakumo,70,30
業務,業務管理,RiNK,15,100
業務,業務管理,TeamOn,15,65
業務,業務管理,WORKCLOUDシステム,40,55
業務,業務管理,ZENO,60,55
業務,業務管理,ジョブマネ,70,100
業務,業務管理,デスクネッツネオ,65,40
業務,業務管理,カナミッククラウド,25,45
業務,業務管理,Care-wing 介護の翼,50,55
業務,業務管理,Kango,50,30
業務,業務管理,i-Reporter Connector,15,60
業務,業務管理,houren.so ホウレンソウ,65,25
業務,業務管理,ジニー,35,85
業務,業務管理,Comiru,25,20
業務,業務管理,knowbe,60,100
業務,業務管理,01組織クラウド,30,60
業務,業務管理,NEWJI,65,25
業務,業務管理,パネイルクラウド,20,80
業務,業務管理,AGRIHUBクラウド,65,45
業務,業務管理,CiAGIS,30,70
業務,業務管理,大家のヤモリ,65,30
業務,業務管理,TradeWaltzR,45,95
業務,業務支援,CielVenusCloud,20,60
業務,業務支援,dbSheetClient,65,60
業務,業務支援,Flyle,50,85
業務,業務支援,MediOS,65,40
業務,業務支援,RFQクラウド,35,15
業務,業務支援,SecureNavi,70,70
業務,業務支援,WiseVine,35,100
業務,業務支援,入力速イモン,50,100
業務,業務支援,Airレジ,55,15
業務,業務支援,スマレジ,25,70
業務,業務支援,ユビレジ,30,95
業務,業務支援,マネーフォワード クラウド,30,30
業務,業務支援,Qナビ,60,20
業務,業務支援,Enterpras Std エンタープラス スタンダード,25,50
業務,業務支援,flouu,55,90
業務,業務支援,Mobile WorkPlace,55,65
業務,業務支援,moconavi モコナビ,40,10
業務,業務支援,RWM,55,70
業務,業務支援,Splashtop for CACHATTOクラウドパック,45,15
業務,業務支援,SunnyWork,20,30
業務,業務支援,X3Secure for RDP,25,75
業務,業務支援,PowerBuilder,55,95
業務,業務支援,WebPerformer,70,65
業務,業務支援,Cost PRO,30,65
業務,業務支援,ABookCheck,35,85
業務,業務支援,Benrie,25,80
業務,業務支援,スライドメーカー,55,10
業務,業務支援,KiteRa,30,45
業務,業務支援,A-SaaS,65,75
業務,業務支援,スマテンBASE,50,35
業務,業務支援,CoDMON,15,20
業務,業務支援,ルクミー,30,45
業務,業務支援,subreey（サブリー）,60,50
業務,現場管理,ANDPAD,30,40
業務,現場管理,AnyONE,15,55
業務,現場管理,CraftBank,45,55
業務,現場管理,Photoruction,50,30
業務,現場管理,SPIDERPLUS,65,95
業務,現場管理,SynQ Remote,40,30
業務,現場管理,インスペ,25,55
業務,現場管理,ダンドリワーク,20,45
業務,現場管理,Qosmosレポート,70,85
業務,現場管理,iField,25,75
業務,現場管理,Proceedクラウド,70,100
業務,現場管理,paditch,15,70
業務,現場管理,SmartAttack,70,45
業務,受付管理,QRinログ取得サービス,25,10
業務,受付管理,RECEPTIONIST,55,20
業務,受付管理,ラクネコ,30,40
業務,入退室管理,Akerun,35,35
業務,入退室管理,ALLIGATE,15,55
業務,入退室管理,bitlock Starter Kit,20,75
業務,入退室管理,Reclip,25,35
業務,入退室管理,teamLab Ticketing System,55,45
業務,入退室管理,パレット管理,50,15
業務,入退室管理,SECURE AC,35,90
業務,入退室管理,KEYes解錠管理アプリ,15,65
業務,汎用監視システム,VISION310シリーズ汎用監視システム,35,55
業務,販促管理,ExeQuint,45,50
業務,販促管理,flam,55,20
業務,販促管理,glan system,55,70
業務,販促管理,GrowOne 販売情報システム,35,20
業務,販促管理,motolist,45,30
業務,販促管理,Scalebase（スケールベース）,70,40
業務,販促管理,SPinno,45,55
業務,販促管理,STORECAST,70,100
業務,販促管理,WorkVision販売管理,60,55
業務,販促管理,クロスオーダー,20,25
業務,販促管理,セールスノート,20,95
業務,販促管理,パートナーサクセス,50,25
業務,販促管理,poscm クラウド,55,35
業務,販促管理,ハンジョウPOSレジ,60,65
業務,販促管理,mcframe 7,20,65
業務,販促管理,ラクミー,30,70
業務,販促管理,Paintnote,30,15
業務,販促管理,One’sCloset,25,95
業務,文書管理,ASTRUX SaaS,45,75
業務,文書管理,booMo,15,15
業務,文書管理,ConTrack,60,65
業務,文書管理,DocuMaker Office,60,60
業務,文書管理,Documal SaaS,60,30
業務,文書管理,e-Pod Digital,30,65
業務,文書管理,EIMANAGER,20,50
業務,文書管理,GlobalDoc5,25,25
業務,文書管理,GREEN-DOC,70,40
業務,文書管理,MyQuickクラウド,30,80
業務,文書管理,NsxpresⅡ原本管理サービス,70,35
業務,文書管理,SideBooksクラウド本棚,20,45
業務,文書管理,Working Folder,55,75
業務,文書管理,セキュアSAMBA pro,65,100
業務,文書管理,楽々Document Plus,15,70
業務,文書管理,Bank Invoice,65,75
業務,文書管理,Arrow Search,15,75
業務,文書管理,タンテキ,20,30
業務,文字起こし,Texta,15,90
業務,文字起こし,toruno,30,90
業務,文字起こし,writer.app,25,95
業務,文字起こし,Rimo Voice,70,70
業務,文字起こし,pickupon,50,45
業務,web接客,KARTE,50,25
業務,web接客,AiDeal,45,95
業務,web接客,Carebee,20,45
業務,web接客,Chamo（チャモ）,65,55
業務,web接客,CODE Marketing Cloud,55,70
業務,web接客,ECコンシェル,40,45
業務,web接客,f-tra CTA,40,60
業務,web接客,Flipdesk フリップデスク,20,90
業務,web接客,HASSO,65,95
業務,web接客,Live800PLUS,55,35
業務,web接客,LiveAgent,70,55
業務,web接客,RURA,65,40
業務,web接客,TETORI,50,90
業務,web接客,TimeRep,20,95
業務,web接客,Webica ウェビカ,50,30
業務,web接客,ビデオトーク powered by 空電,50,45
業務,web接客,Chat Plus,40,45
業務,web接客,qualva,60,15
業務,web接客,ShowTalk,40,15
業務,web接客,sinclo シンクロ,70,15
業務,web接客,coco,20,45
業務,web接客,myhm,55,70
人材,勤怠管理,AKASHI,40,40
人材,勤怠管理,BizWork+,50,55
人材,勤怠管理,CC-BizMate,65,15
人材,勤怠管理,CLOUZA,55,35
人材,勤怠管理,e-就業OasiS,45,85
人材,勤怠管理,Elizea,60,30
人材,勤怠管理,FC勤怠,20,75
人材,勤怠管理,Focus U タイムレコーダー,60,20
人材,勤怠管理,follow スマートタッチ,20,65
人材,勤怠管理,G’Job 勤怠24,60,95
人材,勤怠管理,Gulf CSM 勤怠管理,45,50
人材,勤怠管理,Hachikin,60,25
人材,勤怠管理,IBLook,40,20
人材,勤怠管理,ICタイムリコーダー,60,30
人材,勤怠管理,IEYASU,45,70
人材,勤怠管理,kincone,45,90
人材,勤怠管理,KING OF TIME,30,95
人材,勤怠管理,kinnosuke,30,40
人材,勤怠管理,KINPIRA CLOUD,65,45
人材,勤怠管理,KnockMe!,45,80
人材,勤怠管理,MITERAS勤怠,55,100
人材,勤怠管理,MOTクラウド勤怠管理システム,15,50
人材,勤怠管理,oplus,55,45
人材,勤怠管理,POS+ time recorder,25,95
人材,勤怠管理,RecoRu,50,70
人材,勤怠管理,RocoTime,70,100
人材,勤怠管理,ShiftMAX,35,65
人材,勤怠管理,Solaポータルサービス,50,30
人材,勤怠管理,Taskal Time-Card,50,75
人材,勤怠管理,TimePro-VG,70,60
人材,勤怠管理,Tomas,40,20
人材,勤怠管理,Touch On Time,55,95
人材,勤怠管理,USBタイムレコーダー,50,75
人材,勤怠管理,クロノスPerformanceクラウド,60,80
人材,勤怠管理,シュキーン,25,20
人材,勤怠管理,ジョブカン勤怠管理,70,55
人材,勤怠管理,スマレジ･タイムカード,40,85
人材,勤怠管理,ちゃっかり勤太くん,50,60
人材,勤怠管理,ネクストICカード,50,80
人材,勤怠管理,バイバイタイムカード,45,15
人材,勤怠管理,ミナジン就業管理システム,65,15
人材,勤怠管理,ユビキス(UBIXS)勤怠管理システム,65,40
人材,勤怠管理,リシテア 就業管理クラウドサービス,15,20
人材,勤怠管理,レコル,55,45
人材,勤怠管理,レコレル,40,60
人材,勤怠管理,勤次郎Smart,45,85
人材,勤怠管理,勤怠管理ARMS,45,15
人材,勤怠管理,勤労の獅子,55,15
人材,勤怠管理,交通費精算システムSPEASIC,20,35
人材,勤怠管理,出欠管理システム,25,25
人材,勤怠管理,勤務表BPO,60,85
人材,勤怠管理,F-Chair+,25,85
人材,勤怠管理,シフトナ,40,10
人材,勤怠管理,Time de Net,70,70
人材,ES調査,BetterEngage,65,25
人材,ES調査,ES-Quick,25,15
人材,ES調査,H&G ES,60,15
人材,ES調査,HR OnBoard,30,10
人材,ES調査,Niser ES,55,100
人材,ES調査,tenpoket チームアンケート,25,75
人材,ES調査,VOISE,55,100
人材,ES調査,wellday,10,50
人材,ES調査,Willysm,65,40
人材,ES調査,オーピタスサーベイ,65,55
人材,ES調査,クアルトリクス 従業員エクスペリエンス（EX）,40,70
人材,ES調査,やる気分析システム「MSQ（Motivation of Status Quo)」,20,20
人材,ES調査,パルラビ,60,20
人材,ES調査,ラフールサーベイ,60,50
人材,eラーニング,AirCourse,40,70
人材,eラーニング,BISCUE,70,50
人材,eラーニング,Bizmates,70,20
人材,eラーニング,CAREERSHIP,45,35
人材,eラーニング,CodeCamp,30,75
人材,eラーニング,CODEPREP,40,80
人材,eラーニング,D-SCHOOL,70,40
人材,eラーニング,educure,45,15
人材,eラーニング,EGG,35,100
人材,eラーニング,etudes,35,70
人材,eラーニング,eマナビー,15,90
人材,eラーニング,eラーニング,70,100
人材,eラーニング,eラーニングマネージャーZ,15,30
人材,eラーニング,i-netshool eラーニングシステム,25,75
人材,eラーニング,iStudy LMS,55,35
人材,eラーニング,KENRO,50,40
人材,eラーニング,KnowledgeC@fe,70,100
人材,eラーニング,KnowledgeDeliver,15,60
人材,eラーニング,LearningWare,65,55
人材,eラーニング,LearnO,50,90
人材,eラーニング,MENTER,30,70
人材,eラーニング,Multiverse,45,25
人材,eラーニング,Platon,65,75
人材,eラーニング,playse.,70,20
人材,eラーニング,Progate,65,50
人材,eラーニング,Schoo,50,80
人材,eラーニング,Seculio,20,35
人材,eラーニング,SLAP,60,80
人材,eラーニング,Smart Boarding,20,45
人材,eラーニング,Smart Habit,45,100
人材,eラーニング,SmartBrain,20,60
人材,eラーニング,Special Learning,30,70
人材,eラーニング,Speed LMS,50,30
人材,eラーニング,SURGE（サージ）,55,95
人材,eラーニング,TANREN,25,90
人材,eラーニング,TG-WEB eye,15,60
人材,eラーニング,TOP ESLオンライン英会話,15,20
人材,eラーニング,オンライン英会話･Bizmates,50,30
人材,eラーニング,コラーニング,50,70
人材,eラーニング,サイバックスUniv.,40,20
人材,eラーニング,ストアカ,25,60
人材,eラーニング,テックキャンプ,25,25
人材,eラーニング,ドットインストール,30,85
人材,eラーニング,学び～と,30,100
人材,eラーニング,光Webスクール,30,20
人材,eラーニング,資格スクエアクラウド,70,90
人材,eラーニング,派遣のミカタ,70,45
人材,eラーニング,SYMPROBUS Targeted Mail Training,45,95
人材,eラーニング,セールスeラーニング,15,75
人材,eラーニング,STUDY360,50,60
人材,OKR,banto,40,55
人材,web面接,ApplyNow,45,95
人材,web面接,BioGraph,65,30
人材,web面接,harutaka,65,85
人材,web面接,HireVue,35,20
人材,web面接,ITSUMEN,20,85
人材,web面接,SOKUMEN,30,35
人材,web面接,Video Interview,65,75
人材,web面接,VIEWHUB,65,70
人材,web面接,インタビューメーカー,50,35
人材,web面接,ウェブメン,20,70
人材,web面接,どこでも面接,45,80
人材,web面接,ドコデモ面接、LiveCall,70,90
人材,web面接,ビデオトーク,70,85
人材,シフト管理,アールシフト,55,85
人材,シフト管理,シフオプ,50,35
人材,シフト管理,らくしふ,35,45
人材,シフト管理,幹部の右腕,30,70
人材,シフト管理,HRBEST,40,30
人材,メンタルヘルス,ALART,45,60
人材,メンタルヘルス,Ally,70,45
人材,メンタルヘルス,Dr.健康経営のサービス,10,85
人材,メンタルヘルス,People’s,25,25
人材,メンタルヘルス,産業医クラウド,20,25
人材,メンタルヘルス,M-Check+,65,15
人材,安否確認,トヨクモ安否確認サービス2,25,100
人材,安否確認,安否確認bot for LINE WORKS,55,55
人材,健康管理,Carely,55,90
人材,健康管理,Dr.CHECK,60,100
人材,健康管理,newbie,10,15
人材,健康管理,STRESCOPE,45,50
人材,健康管理,your mediPhone,30,45
人材,健康管理,オフィスおかん,60,50
人材,健康管理,Atleta,65,20
人材,採用管理,COMPANY 雇用手続管理システム,60,80
人材,採用管理,HERP Hire,50,95
人材,採用管理,HITO-Link CRM,55,70
人材,採用管理,HRMOS,45,100
人材,採用管理,i-web 新卒採用モデル,35,95
人材,採用管理,JoBins,35,70
人材,採用管理,MyRefer,30,35
人材,採用管理,next≫,70,60
人材,採用管理,RPM,60,85
人材,採用管理,sonar ATS,15,40
人材,採用管理,Talentio Hire,20,65
人材,採用管理,エアリーフレッシャーズクラウド,35,50
人材,採用管理,ジョブスイート,70,55
人材,採用管理,リクオプ,15,25
人材,採用管理,リクナビHRTech採用管理,35,15
人材,採用管理,採用一括カンリクン,65,55
人材,採用管理,GLIT Admin,55,80
人材,採用管理,Official-Alumni.com,50,20
人材,採用管理,Discover,25,25
人材,採用管理,SkyFox HR,65,55
人材,採用管理,HireRoo,60,30
人材,採用管理,SHIRAHA,70,85
人材,採用管理,TalentCloud,70,30
人材,採用管理,Offers,70,30
人材,採用管理,Refcome,70,25
人材,採用管理,back check,65,80
人材,採用管理,リファレンス・レター,70,100
人材,採用管理,HRogリスト,15,100
人材,採用管理,Smartthon,60,95
人材,採用管理,Reworks cloud,40,30
人材,採用管理,Chemistry,65,95
人材,採用管理,Jobgram（ジョブグラム）,20,70
人材,採用管理,mitsucari,30,30
人材,採用管理,SALES SCORE,40,10
人材,採用管理,ミキワメ,25,55
人材,採用管理,ENLIST,25,70
人材,採用管理,moovy,60,45
人材,採用管理,HRアナリスト,60,95
人材,採用管理,Another works,20,15
人材,採用管理,Crowd Agent,40,15
人材,採用支援（面談）,Meety,35,50
人材,人材管理,CYDAS HR,40,100
人材,人材管理,hanaseru,65,90
人材,人材管理,HiManager,45,75
人材,人材管理,HR-Platform,45,55
人材,人材管理,HRBOX,50,30
人材,人材管理,HR君 haichi,25,50
人材,人材管理,jinjer,55,65
人材,人材管理,KAKEAI,15,50
人材,人材管理,LYSTHEA,30,90
人材,人材管理,muuv（ムーブ）,30,20
人材,人材管理,Skill Palette,20,50
人材,人材管理,Talent Viewer,70,50
人材,人材管理,Wistant,30,100
人材,人材管理,Worple,35,55
人材,人材管理,ZeeM 人事給与,50,30
人材,人材管理,アッテル（Attelu）,55,15
人材,人材管理,カオナビ,25,90
人材,人材管理,サイレコ,45,80
人材,人材管理,スキルナビ,40,70
人材,人材管理,ヒトマワリ,15,90
人材,人材管理,ベネワン・プラットフォーム,35,50
人材,人材管理,識学クラウド,35,15
人材,人材管理,人財成長支援システム モノドン,20,90
人材,人材管理,人事統合システム ADPS,25,75
人材,人材管理,1oN,20,35
人材,人材管理,1on1 Talk,45,100
人材,人材管理,1on1navi,50,25
人材,人材管理,1プロ,50,50
人材,人材管理,Co:TEAM,50,80
人材,人材管理,Nudge,65,45
人材,人材管理,SMILE SCORE,65,90
人材,人材管理,TeamUp,25,45
人材,人材管理,スマレビ,40,40
人材,人材管理,Interactive-Pro,50,85
人材,人材管理,Onn（オン）,70,95
人材,人材管理,Kakedas（カケダス）,70,15
人材,人材管理,COCOREPO,35,45
人材,人材管理,SKILL NOTE,20,85
人材,人材管理,impro（インプロ）,50,65
人材,人材管理,HRビジネスクラウド,15,20
人材,人材管理,ProfieeTeams,40,95
人材,人材管理,Hirame-ku,60,50
人材,人材管理,あたりずむ,40,30
人材,人材管理,HYOUMAN BOX,45,20
人材,人材管理,INSIDES,45,45
人材,人材管理,JOB BASE,50,15
人材,人材管理,HR-PROG,35,40
人材,人材管理,agelu,20,25
人材,人材管理,Visual,15,30
人材,人材管理,MinPre,35,25
人材,人材管理,スパイクラビット,55,45
人材,人材管理,モチベーションクラウド,20,55
人材,人材管理,ClipLine クリップライン,65,35
人材,人材管理,CastingONE,25,15
人材,人材管理,HRクロス,35,75
人材,人材管理,シューマツワーカー,35,50
人材,人材管理,HRBrain,40,45
人材,人材管理,Resily,30,80
人材,人材管理,HR Ring,40,45
人材,人材管理,コンケア,30,65
人材,人材管理,テガラみる,30,75
人材,人材管理,pasture,40,70
人材,人事評価,360（さんろくまる）,35,75
人材,人事評価,Habi*do,20,100
人材,人事評価,HuTaCT,30,65
人材,人事評価,MINAGINE 人事評価システム,30,50
人材,人事評価,MotifyHR,30,50
人材,人事評価,POSITIVE,25,35
人材,人事評価,Rosic,60,45
人材,人事評価,Smart Company,25,100
人材,人事評価,Step Up Cloud,45,85
人材,人事評価,WiMS/SaaS,15,70
人材,人事評価,あしたのクラウド,55,75
人材,人事評価,タレントパレット,35,70
人材,人事評価,人事評価システム P-TH+,65,50
人材,人事評価,人事評価ナビゲーター,65,20
人材,人事評価,人事奉行11,50,100
人材,人事評価,明快,15,85
人材,組織改善,ourly,70,70
人材,組織改善,riclink,20,30
人材,組織改善,ARICO,40,80
人材,組織改善,TeamSuite,35,15
人材,組織改善,Unipos（ユニポス）,50,65
人材,組織管理,Geppo,45,20
人材,組織管理,Goalous,70,100
人材,組織管理,GROW360,35,65
人材,組織管理,MARCO POLO,55,90
人材,組織管理,NaviLight,45,15
人材,組織管理,ウェルスコア,60,30
人材,組織管理,シナジーHR,55,25
人材,組織管理,チェンジ,65,45
人材,組織管理,wevox,20,15
人材,組織管理,Beatrust,70,35
人材,組織管理,THANKS GIFT,55,15
人材,労務管理,ARDIO,55,85
人材,労務管理,ARROW,55,35
人材,労務管理,BeeMyNo,50,70
人材,労務管理,Bizer,65,90
人材,労務管理,e-AMANO人事届出サービス,30,75
人材,労務管理,Gozal,15,60
人材,労務管理,GRAFFER 法人証明書請求,60,85
人材,労務管理,HuRAid 勤怠分析,30,80
人材,労務管理,MFクラウド給与,60,35
人材,労務管理,RPM Enterprise,30,50
人材,労務管理,SmartHR,10,80
人材,労務管理,TimePro-NX,70,20
人材,労務管理,WelcomeHR,50,100
人材,労務管理,オフィスステーション,50,50
人材,労務管理,楽楽労務,35,40
人材,労務管理,社労夢 Company Edition,70,95
人材,福利厚生,enigma pay,15,95
人材,福利厚生,フクスケ,30,100
人材,福利厚生,Aill,30,75
営業・売上,SFA,ActionCockpit アクションコックピット,50,25
営業・売上,SFA,ailead,30,35
営業・売上,SFA,BizMagic,55,40
営業・売上,SFA,Cloudbeat,20,45
営業・売上,SFA,COGシリーズ,40,25
営業・売上,SFA,desknet’s SSS,70,35
営業・売上,SFA,DPS for Sales,60,15
営業・売上,SFA,Dynamics 365 Sales,15,70
営業・売上,SFA,eセールスマネージャー,10,30
営業・売上,SFA,GrooForce,30,85
営業・売上,SFA,GrooForce 980 グルーフォース980,20,15
営業・売上,SFA,InfAjast ES3 インフアジャスト,40,40
営業・売上,SFA,intra-mart DPS for Sales イントラマートディーピーエス フォーセールス,45,95
営業・売上,SFA,Kairos3,60,25
営業・売上,SFA,LaXiTera,40,90
営業・売上,SFA,NEO GAINA,20,75
営業・売上,SFA,NICE営業物語 on kintone,55,55
営業・売上,SFA,Oracle Sales Cloud,45,90
営業・売上,SFA,Sales Force Assistant,70,25
営業・売上,SFA,Sales Hub,70,60
営業・売上,SFA,Senses,70,20
営業・売上,SFA,SmartDeal,15,75
営業・売上,SFA,UPWARD アップワード,25,30
営業・売上,SFA,WaWaFrontier,45,80
営業・売上,SFA,WaWaFrontier ワワフロンティア,50,80
営業・売上,SFA,アクションコックピット,30,20
営業・売上,SFA,クラウドビート,45,20
営業・売上,SFA,ネクストSFA,30,40
営業・売上,SFA,ワンズ営業日報,50,30
営業・売上,SFA,楽楽販売,45,90
営業・売上,SFA,LeadPool,15,40
営業・売上,SFA,SALESCORE,20,25
営業・売上,SFA,Leadle,55,15
営業・売上,SFA,Sales Crowd セールスクラウド,50,20
営業・売上,SFA,PharMart,15,60
営業・売上,SFA,Pharma SFA powered by JUST.SFA,40,95
営業・売上,SFA,アペルザクラウド,60,85
営業・売上,SFA,ApeosPlus Cards R,60,50
営業・売上,SFA,GimmeFive,65,75
営業・売上,SFA,PhoneAppli for Salesforce,25,35
営業・売上,SFA,Sansan,50,35
営業・売上,SFA,SMART SHARE,40,100
営業・売上,SFA,SmartVisca スマートビスカ,60,35
営業・売上,SFA,THE 名刺管理 Business,40,90
営業・売上,SFA,Wantedly People,65,50
営業・売上,SFA,アルテマブルー,55,50
営業・売上,SFA,名刺バンク,60,85
営業・売上,SFA,名刺管理ノメイシー,55,65
営業・売上,名刺（デジタル化）,Eight,35,100
営業・売上,名刺（デジタル化）,Ovalid（オーバリッド）,15,25
営業・売上,名刺（デジタル化）,SITTE,35,35
営業・売上,名刺（デジタル化）,ビジカ,25,50
営業・売上,名刺管理,myBridge,55,15
営業・売上,名刺管理,SmartVisca,15,90
営業・売上,名刺管理,メイシー,45,75
営業・売上,CRM,AICO,55,55
営業・売上,CRM,Ambassador Relations Tool,25,80
営業・売上,CRM,betrend,20,20
営業・売上,CRM,Conata,50,90
営業・売上,CRM,CRMstage,60,50
営業・売上,CRM,CRMツール｢MOTENASU｣,25,80
営業・売上,CRM,Customa!,40,10
営業・売上,CRM,Digima,10,70
営業・売上,CRM,EMOROCO,40,80
営業・売上,CRM,F-RevoCRM,40,45
営業・売上,CRM,FastSeries,50,70
営業・売上,CRM,FlexCRM,35,100
営業・売上,CRM,Fullfree,20,15
営業・売上,CRM,GEOCRM.com,45,95
営業・売上,CRM,GRMarketing,60,15
営業・売上,CRM,GRMarketing GRマーケティング,70,60
営業・売上,CRM,HubSpot CRM,40,35
営業・売上,CRM,i-CRM,30,95
営業・売上,CRM,Insight Core,65,75
営業・売上,CRM,inspirX 5,40,30
営業・売上,CRM,INTEGRAL-CORE,30,85
営業・売上,CRM,kreisel,35,35
営業・売上,CRM,LiME Salon,30,30
営業・売上,CRM,LTV-Lab,50,50
営業・売上,CRM,MicoCloud,15,50
営業・売上,CRM,mycsess,30,95
営業・売上,CRM,NetSuite CRM,70,35
営業・売上,CRM,PASELLY（パセリ）,70,45
営業・売上,CRM,PERSONAL CDP,65,65
営業・売上,CRM,prismatix,60,90
営業・売上,CRM,QuickCRM,35,25
営業・売上,CRM,R-CRM,30,70
営業・売上,CRM,Re:lation,15,20
営業・売上,CRM,Re:lation リレーション,60,35
営業・売上,CRM,Sales Cloud,25,20
営業・売上,CRM,Sales8,65,95
営業・売上,CRM,Salesforce Essentials,40,70
営業・売上,CRM,SHOP FORCE,35,45
営業・売上,CRM,Synergy!,25,90
営業・売上,CRM,toSTORE,30,45
営業・売上,CRM,USERGRAM,35,100
営業・売上,CRM,Visionary,65,95
営業・売上,CRM,Zoho CRM,20,100
営業・売上,CRM,うちでのこづち,35,50
営業・売上,CRM,カイクラ,15,75
営業・売上,CRM,キマRoom! CRM,60,15
営業・売上,CRM,クライゼル,30,80
営業・売上,CRM,サスケ,65,45
営業・売上,CRM,やずやの通販CRM,40,30
営業・売上,会員管理,matte,35,10
営業・売上,会員管理,Medy,70,65
営業・売上,会員管理,Nice!Members,25,95
営業・売上,会員管理,OSIRO,65,50
営業・売上,会員管理,Share Village,30,75
営業・売上,会員管理,SMART会員証,65,15
営業・売上,会員管理,station,40,40
営業・売上,会員管理,シクミネット,15,45
営業・売上,会員管理,ラクカン,55,80
営業・売上,会員管理,dodo point ドドポイント,25,70
営業・売上,会員管理,PiCRO,35,55
営業・売上,会員管理,hacomono,30,20
営業・売上,MA,Aimstar,45,40
営業・売上,MA,AutoLine,60,60
営業・売上,MA,BowNow,30,65
営業・売上,MA,goline,50,60
営業・売上,MA,i:Sales,45,50
営業・売上,MA,List Finder,40,25
営業・売上,MA,Lステップ,25,30
営業・売上,MA,MAJIN,70,100
営業・売上,MA,Marketing hub,30,15
営業・売上,MA,Marketo Engage,45,65
営業・売上,MA,MOTENASU,65,30
営業・売上,MA,Probance,35,90
営業・売上,MA,RESULT MASTER,45,30
営業・売上,MA,SATORI（サトリ）,45,55
営業・売上,MA,Tailor,20,40
営業・売上,MA,アクティブコア マーケティングクラウド,30,50
営業・売上,MA,スマケ！,40,60
営業・売上,MA,マーケティング,40,55
営業・売上,MA,マーケティングオートメーション MAJIN,15,75
営業・売上,MA,レコガゾウ,30,100
営業・売上,MA,KASIKA,20,90
営業・売上,カスタマーサクセス,circlace,40,45
営業・売上,カスタマーサクセス,commmune,35,90
営業・売上,カスタマーサクセス,CustomerCore,65,60
営業・売上,カスタマーサクセス,HiCustomer,45,50
営業・売上,カスタマーサクセス,N1 Cycle,15,65
営業・売上,カスタマーサクセス,Onboarding,70,95
営業・売上,カスタマーサクセス,openpage,70,55
営業・売上,カスタマーサクセス,pottos（ポトス）,25,100
営業・売上,フォーム営業,apoli,15,60
営業・売上,フォーム営業,APPOLO SALES（アポロセールス）,55,100
営業・売上,フォーム営業,ContactDM,60,30
営業・売上,フォーム営業,Eメールアポハンター,45,95
営業・売上,フォーム営業,GeAIne,60,65
営業・売上,フォーム営業,Knockbot,35,30
営業・売上,フォーム営業,Lead Dynamics,35,55
営業・売上,フォーム営業,SalesNow Form,55,70
営業・売上,フォーム営業,ULTRA FORM,35,15
営業・売上,フォーム営業,WEBAPO（ウェブアポ）,50,80
営業・売上,フォーム営業,リードハンター,20,80
営業・売上,フォーム作成,formrun フォームラン,55,30
営業・売上,フォーム作成,Tayori,35,45
営業・売上,営業,Comdesk,65,75
営業・売上,営業,アポレル,60,75
営業・売上,営業,Asales,45,15
営業・売上,営業,TimeSkipプレイブック,25,45
営業・売上,営業,チラCEO,60,60
営業・売上,営業,Saleshub,40,20
営業・売上,営業,Dot-B,30,25
営業・売上,営業,Keyman Letter,30,15
営業・売上,営業リスト作成,BIZMAPS,20,60
営業・売上,営業リスト作成,FORCAS,15,30
営業・売上,営業リスト作成,FutureSearch,60,80
営業・売上,営業リスト作成,ListA,55,50
営業・売上,営業リスト作成,Listoru,60,60
営業・売上,営業リスト作成,Musubu,20,65
営業・売上,営業リスト作成,SalesNow Targeting,40,70
営業・売上,営業リスト作成,Seiyaku,20,65
営業・売上,営業リスト作成,Urizo,20,60
営業・売上,営業リスト作成,ココリスト,70,85
営業・売上,営業リスト作成,ソーシャル企業情報,40,100
営業・売上,営業リスト作成,ラクリス,45,15
営業・売上,営業リスト作成,リスタ,50,60
営業・売上,営業リスト作成,リストクラスター3,60,80
営業・売上,営業リスト作成,国内マーケティングリスト,20,60
営業・売上,営業支援,feels,65,60
営業・売上,営業支援,kakutoku for Sales Agent,15,60
営業・売上,営業支援,SmartSlide,55,75
営業・売上,営業支援,bellFace,55,65
営業・売上,営業支援,BALES CLOUD,50,20
営業・売上,営業支援,Sakura outbound,50,85
営業・売上,営業支援,VCRM,45,65
営業・売上,営業支援,Magic Moment Playbook,20,20
営業・売上,営業支援,マピネス,55,100
営業・売上,営業支援,Forest,30,65
営業・売上,営業支援,PropoCloud,50,20
営業・売上,web支援,Stanlly,65,35
ソーシャル,SNS,ATELU,45,80
ソーシャル,SNS,lit.link,25,15
ソーシャル,SNS,moribus,15,35
ソーシャル,SNS,Owgi,25,65
ソーシャル,SNS,Reposta,15,65
ソーシャル,SNS,SmartHash,55,30
ソーシャル,SNS,Tofu Analytics,65,95
ソーシャル,SNS,キャンツク,25,25
ソーシャル,SNS,imstream,50,30
ソーシャル,SNS,Pintab,65,70
ソーシャル,SNS,SAKIYOMI,40,75
ソーシャル,SNS,Liny,45,95
ソーシャル,SNS,Statusbrew,45,100
ソーシャル,SNS,Route Map,30,40
ソーシャル,SNS,SocialDog,35,100
ソーシャル,SNS,ソーシャルPLUS,70,90
ソーシャル,SNS,MASAI,45,30
マーケティング,イベント管理,Event Cloud Mix イベントクラウドミックス,25,20
マーケティング,イベント管理,EventBASE,45,20
マーケティング,イベント管理,eventos,70,80
マーケティング,イベント管理,Q-PASS,40,40
マーケティング,イベント管理,reBako,55,90
マーケティング,イベント管理,イーベ!,25,40
マーケティング,イベント管理,イベントレジスト,50,10
マーケティング,イベント管理,株主総会クラウド,50,100
マーケティング,イベント管理,Anky,20,80
マーケティング,イベント管理,チケット管理システム,40,100
マーケティング,イベント管理,Shares,15,50
マーケティング,ウェビナー,Adobe Connect,20,35
マーケティング,ウェビナー,GigaCast®,15,50
マーケティング,ウェビナー,LiveOn,50,85
マーケティング,ウェビナー,Microsoft 365 Business,15,60
マーケティング,ウェビナー,Skype,10,20
マーケティング,ウェビナー,V-CUBEセミナー,40,50
マーケティング,ウェビナー,Webex Events,20,25
マーケティング,ウェビナー,Zoom ビデオ ウェビナー,50,20
マーケティング,ウェビナー,コクリポ,30,15
マーケティング,SEO,EmmaTools,25,70
マーケティング,SEO,Gyro-n SEO,20,85
マーケティング,SEO,Keywordmap,35,30
マーケティング,SEO,Pascal,35,50
マーケティング,SEO,SEARCHWRITE,10,30
マーケティング,SEO,tami-co,40,85
マーケティング,SEO,キーワードマッチ,45,85
マーケティング,SEO,ミエルカ,45,35
マーケティング,SEO,文賢,60,60
マーケティング,SEO,CONTENTS ANALYST,60,65
マーケティング,SEO,AIアナリスト,55,50
マーケティング,webアンケート,Cuenote Survey,35,65
マーケティング,webアンケート,Google フォーム,60,100
マーケティング,webアンケート,LimeSurvey,35,80
マーケティング,webアンケート,Questant,35,20
マーケティング,webアンケート,WEBCAS formulator,50,95
マーケティング,webアンケート,100人アンケート,40,35
マーケティング,webアンケート,CVリフト,60,60
マーケティング,webアンケート,Fastask,30,85
マーケティング,webアンケート,Freeasy,65,45
マーケティング,webアンケート,GMO Market Observer,65,30
マーケティング,webアンケート,MOMONGAアンケート,35,20
マーケティング,webアンケート,myアンケート,20,60
マーケティング,webアンケート,QiQUMO（キクモ）,60,95
マーケティング,webアンケート,Qooker,65,20
マーケティング,webアンケート,Questant クエスタント,55,30
マーケティング,webアンケート,WSS,65,100
マーケティング,webアンケート,Zerone,70,90
マーケティング,webアンケート,アラームボックス,45,90
マーケティング,webアンケート,ビザスクexpert survey,20,25
マーケティング,webアンケート,Grill Research,60,90
マーケティング,webアンケート,EmotionTech CX,70,85
マーケティング,webアンケート,Harks Feedback,15,65
マーケティング,キャンペーン（LINE),SmartReceico,20,20
マーケティング,ブランド,ブランディングバンク,35,80
マーケティング,ネットリサーチ,CREATIVE SURVEY,55,55
マーケティング,ネットリサーチ,DIP Survey,40,35
マーケティング,ネットリサーチ,MApps for Survey,30,90
マーケティング,ネットリサーチ,CODE for Business,50,50
マーケティング,ネットリサーチ,GMOリサーチ,20,20
マーケティング,ネットリサーチ,myアンケートlight,20,60
マーケティング,ネットリサーチ,SmartSurvey,20,65
マーケティング,ネットリサーチ,Sprint,60,95
マーケティング,ネットリサーチ,SurveyMonkey Audience,30,90
マーケティング,ネットリサーチ,Zoho Survey,25,70
マーケティング,ネットリサーチ,マクロミル,70,25
マーケティング,ネットリサーチ,ミルトーク,50,100
マーケティング,ネットリサーチ,リサーチプラス,50,100
マーケティング,マーケティング,b→dash,70,60
マーケティング,マーケティング,BuzzSpreader Powered by クチコミ＠係長,45,30
マーケティング,マーケティング,cinarra,15,90
マーケティング,マーケティング,Cloud CIRCUS クラウドサーカス,50,75
マーケティング,マーケティング,Cloud CMO,60,80
マーケティング,マーケティング,deech,15,40
マーケティング,マーケティング,Flinters Data Hub,55,60
マーケティング,マーケティング,Follop Subscription,60,40
マーケティング,マーケティング,iCON Suite,45,75
マーケティング,マーケティング,NetReal＋,70,80
マーケティング,マーケティング,Prefer Cloud Platform,40,65
マーケティング,マーケティング,PREPARE,65,95
マーケティング,マーケティング,Re:Dealer,50,70
マーケティング,マーケティング,TerraMap,40,80
マーケティング,マーケティング,REECH DATABASE,60,30
マーケティング,マーケティング,Letro,65,95
マーケティング,マーケティング,TUBERS,25,20
マーケティング,マーケティング,FANSHIP,45,70
マーケティング,マーケティング,PARKLoT,40,50
マーケティング,マーケティング,Lead Brizzy,55,30
マーケティング,マーケティング,U-KOMI,70,50
マーケティング,マーケティング,DuraSite-Tracker,25,70
マーケティング,マーケティング,BeeSight,20,95
マーケティング,マーケティング,Cloud CMO,15,70
マーケティング,企業調査,SPEEDA,15,85
マーケティング,企業調査,xenoBrain,20,85
マーケティング,同意管理,Trust 360,35,30
マーケティング,予約管理（セミナー）,CMC Solutions セミナー予約システム,30,60
マーケティング,予約管理（セミナー）,アイテル,60,30
マーケティング,予約管理（セミナー）,Direct In,15,50
マーケティング,予約管理（セミナー）,かんたん診察予約システム,50,55
マーケティング,予約管理（セミナー）,民泊管理パッケージ,35,15
マーケティング,BIツール,aibou,40,30
マーケティング,BIツール,BIQQ,55,85
マーケティング,BIツール,DataDeck,55,80
マーケティング,BIツール,dataDiver,15,90
マーケティング,BIツール,Domoドーモ,55,35
マーケティング,BIツール,LaKeel BI,35,20
マーケティング,BIツール,Pentaho ペンタホ,50,35
マーケティング,BIツール,Srush,20,15
マーケティング,BIツール,WebQuery,20,45
マーケティング,BIツール,Yellowfin イエローフィン,15,95
マーケティング,BIツール,ピーシーキッドアナライザー,40,55
マーケティング,BIツール,＆act,60,15
契約・法務,契約管理,AXLGEAR,25,45
契約・法務,契約管理,CONTRFINDER（コントラファインダー）,45,90
契約・法務,契約管理,hokan,45,20
契約・法務,契約管理,hubble,50,55
契約・法務,契約管理,LeCHECK,35,30
契約・法務,契約管理,LegalForce,45,10
契約・法務,契約管理,LIRIS,45,15
契約・法務,契約管理,SES WORKS,40,45
契約・法務,電子契約,ContractS CLM,50,85
契約・法務,電子契約,e-sign,70,25
契約・法務,電子契約,Great Sign,55,20
契約・法務,電子契約,NINJA SIGN by freee,65,85
契約・法務,電子契約,paperlogic電子契約,35,20
契約・法務,電子契約,SignTime（サインタイム）,30,65
契約・法務,電子契約,WAN-Sign,15,95
契約・法務,電子契約,イースタンプ,55,15
契約・法務,電子契約,カンタン電子契約 for クラウド,60,30
契約・法務,電子契約,クラウドサイン,50,80
契約・法務,電子契約,クラウドスタンプ,35,70
契約・法務,電子契約,けいやくん,60,95
契約・法務,電子契約,リーテックスデジタル契約,25,20
契約・法務,電子契約,電子印鑑GMOサイン,15,80
契約・法務,電子契約,電子契約プラットフォームβ,60,85
契約・法務,電子契約,Shachihata Cloud,70,65
契約・法務,電子契約,プライベートCA Gleas,10,55
会計・請求・決済,会計管理,Candy,15,65
会計・請求・決済,会計管理,freee会計,40,100
会計・請求・決済,会計管理,クラウド発展会計,15,75
会計・請求・決済,会計管理,フリーウェイ経理,20,35
会計・請求・決済,会計管理,経費精算幕僚Ⅲ,35,95
会計・請求・決済,会計管理,オーダー会計,40,65
会計・請求・決済,給与前払い,Bulas Payroll,15,70
会計・請求・決済,給与前払い,EMクラウド,30,70
会計・請求・決済,給与前払い,CRIA,70,60
会計・請求・決済,給与前払い,Remone,25,95
会計・請求・決済,給与前払い,Payme,70,35
会計・請求・決済,経費精算,AXL経費,15,90
会計・請求・決済,経費精算,ECOAS　経費・旅費精算,25,100
会計・請求・決済,経費精算,eKeihi,45,95
会計・請求・決済,経費精算,J’sNAVI NEO,25,20
会計・請求・決済,経費精算,MoneyForwardクラウド経費,40,45
会計・請求・決済,経費精算,rakumo ケイヒ,35,30
会計・請求・決済,経費精算,SmartGo Staple,20,65
会計・請求・決済,経費精算,STAFee,45,55
会計・請求・決済,経費精算,Staple,50,80
会計・請求・決済,経費精算,Stena Expense,30,40
会計・請求・決済,経費精算,TeamSpirit 経費精算,65,30
会計・請求・決済,経費精算,WAVE225,55,25
会計・請求・決済,経費精算,Zoho Expense,65,80
会計・請求・決済,経費精算,ジョブカン経費精算,20,70
会計・請求・決済,経費精算,ハイ！経費,15,45
会計・請求・決済,経費精算,バクラク請求書,70,65
会計・請求・決済,経費精算,ビズトラ,55,75
会計・請求・決済,経費精算,らくらく旅費経費 – らくらくBOSS,50,70
会計・請求・決済,経費精算,TOKIUM経費精算,30,85
会計・請求・決済,経費精算,”楽楽精算,60,15
会計・請求・決済,経費精算,経費BankⅡ,15,50
会計・請求・決済,決済,Incredist Premium II,40,75
会計・請求・決済,決済,narabee,30,60
会計・請求・決済,決済,PAY.JP,60,25
会計・請求・決済,決済,yup先払い,45,70
会計・請求・決済,決済,Gardia後払いサービス,20,85
会計・請求・決済,決済,Paid,40,85
会計・請求・決済,決済,BCPOS ビーシーポス,10,50
会計・請求・決済,決済,SpiceUp Order,60,50
会計・請求・決済,決済,BizPay,20,40
会計・請求・決済,決済,Natural Payment,55,75
会計・請求・決済,決済,UnivaPay,45,90
会計・請求・決済,決済,オンライン決済サービス,65,15
会計・請求・決済,決済,PGマルチペイメントサービス,20,30
会計・請求・決済,財務管理,FX4クラウド,45,80
会計・請求・決済,財務管理,弥生会計 オンライン,55,100
会計・請求・決済,出張管理,AI Travel,15,20
会計・請求・決済,出張管理,BORDER,60,60
会計・請求・決済,請求管理,invox,20,65
会計・請求・決済,請求管理,INVOY,65,25
会計・請求・決済,請求管理,MakeLeaps,50,70
会計・請求・決済,請求管理,RaQool,45,20
会計・請求・決済,請求管理,SMART invoice,25,65
会計・請求・決済,請求管理,見積RICH,70,25
会計・請求・決済,請求管理,請求管理ロボ,60,85
会計・請求・決済,請求管理,STREAMED,35,95
会計・請求・決済,請求管理,円簿会計,25,50
会計・請求・決済,請求管理,駅探BIZ,45,50
会計・請求・決済,請求管理,Haratte,25,100
会計・請求・決済,請求管理,sweeep,50,45
会計・請求・決済,請求管理,MEBAIS,30,45
会計・請求・決済,帳票管理,BIP Smart,15,80
会計・請求・決済,帳票管理,LinkPrint CLOUD,25,20
会計・請求・決済,帳票管理,OPROARTS,40,50
会計・請求・決済,帳票管理,PandroaClimber,40,85
会計・請求・決済,帳票管理,Paples,25,60
会計・請求・決済,帳票管理,SVF cloud,25,75
会計・請求・決済,帳票管理,ナカオさん,55,40
会計・請求・決済,帳票管理,帳票WEB配信,35,30
会計・請求・決済,帳票管理,AUTO帳票,50,40
広告,サイネージ,BILLBOARD,70,40
広告,広告,AdSIST,45,55
広告,広告,AutoStream,25,65
広告,広告,BIZPA,45,70
広告,広告,Bypass,20,30
広告,広告,CANDY,15,45
広告,広告,fluct,45,70
広告,広告,HARBEST〈ハーベスト〉,55,100
広告,広告,HYTRA,40,45
広告,広告,Logicad,25,30
広告,広告,OTAKAD,35,70
広告,広告,ROBOMA,15,60
広告,広告,Shirofune,30,75
広告,広告,SKYFLAG,70,25
広告,広告,Vasta,35,20
広告,広告,Zucks,60,70
広告,広告,Commerce Flow,50,45
広告,広告,glu,55,95
広告,広告,Squad beyond,65,100
広告,広告,HRアドプラットフォーム,45,70
広告,広告,AD EBIS,40,35
広告,広告,X-aid,35,20
広告,広告,ウェブアンテナ,20,65
広告,広告,Marketia,30,70
広告,広告,Spider AF,45,100
広告,広告,X-log,50,15
データ,検索,OPACクラウド検索サービス,50,65
データ,データ,メトロエンジン EVENT PLAN,55,10
データ,データ,Canvas,40,80
データ,データ,MINKABU Corporate-Cue,45,75
データ,データ,クレディセイフ企業情報,70,70
データ,データ,ファンド アナリティクス,50,60
データ,データ,ロボット･レポート,25,100
データ,データ,Databeat,40,20
データ,データ,Datapia（データピア）,30,15
データ,データ,Lazuli PDP,55,85
データ,データ,Arithmer DX,30,60
データ,データ,eBASE,60,15
データ,データ,Neuron ES,35,55
データ,データ,SAVVY,15,60
データ,データ,LION BOLT,70,35
データ,データ,AI受診相談ユビー,35,40
データ,データ,Webリスクモニタリング,45,20
データ,データ,Masstery,45,40
データ,データ,CRAiM,65,10
データ,データ,Attack Board,60,80
データ,データ,Collectro,40,75
データ,データ,Reckoner,30,25
データ,データ,ユーソナー,20,100
データ,データ,Dockpit（ドックピット）,50,60
データ,データ,LocationMind xPop,25,15
データ,データ,アソビュー！レジャークラウドアナリティクス,15,55
データ,データ,datagusto,60,25
データ,データ,SilentLog Analytics,40,55
データ,データ,Boom Research,70,80
データ,データ,APP APE,65,80
データ,データ,CogEra,70,80
データ,データ,ITAS,20,60
データ,データ,TextVoice テキストボイス,55,70
データ,データ,VextMiner,50,40
データ,データ,KOBIT,35,70
データ,データ,Pricing Sprint,30,75
データ,データ,KiZUKAI,30,85
データ,データ,YOSHINA,70,35
データ,データ,WALK INSIGHTS,65,45
データ,データ,メトロエンジン　ベーシックプラン,20,95
データ,データ,CITY INSIGHT,15,40
データ,データ,ForecastFlow,25,100
データ,データ,COGNIROBO,60,50
データ,データ,Magic xpi Cloud Gateway,15,60
データ,データ,Qanat2.0,35,25
クリエイティブ,クリエイティブ管理,AdFlow,30,55
クリエイティブ,クリエイティブ管理,Brushup,20,90
クリエイティブ,クリエイティブ管理,foriio team,65,95
クリエイティブ,クリエイティブ管理,RESUME,20,90
クリエイティブ,クリエイティブ管理,Save Point,45,80
クリエイティブ,クリエイティブ管理,VideoWorks クラウド,20,50
クリエイティブ,クリエイティブ管理,ViViViT,15,60
クリエイティブ,クリエイティブ管理,AIR Design,20,60
クリエイティブ,クリエイティブ管理,DeepAnime,15,95
クリエイティブ,web改善,bambooshoot,60,100
クリエイティブ,web改善,CVゲッター,35,60
クリエイティブ,web改善,Dejam,70,35
クリエイティブ,web改善,KaiU,10,75
クリエイティブ,web改善,Kaizen　UX,15,70
クリエイティブ,web改善,OPTIO,45,95
クリエイティブ,web改善,Repro,70,95
クリエイティブ,web改善,Sprocket スプロケット,40,100
クリエイティブ,web改善,ヒキアゲール,40,65
クリエイティブ,web改善,ecforce,40,35
クリエイティブ,web改善,Recustomer,50,55
クリエイティブ,web改善,ユニサーチ,60,85
クリエイティブ,web改善,SaleCycle セールサイクル,60,95
クリエイティブ,web改善,EFO CUBE,70,80
クリエイティブ,web改善,EFOcats,55,95
クリエイティブ,web改善,MEOチェキ,50,80
クリエイティブ,web改善,smart MEO,30,15
クリエイティブ,web改善,ISSO,70,60
クリエイティブ,web改善,Chat Meet チャットミート,45,100
クリエイティブ,web改善,Conata(コナタ)™,35,80
クリエイティブ,web改善,SiTest（サイテスト）,30,65
クリエイティブ,web改善,User Insight,35,85
クリエイティブ,web改善,デクワス,40,50
クリエイティブ,web改善,DETECT,55,75
クリエイティブ,web改善,Juicer,70,55
クリエイティブ,web改善,Baremetrics,55,50
クリエイティブ,web改善,NaviPlusサーチ,60,45
クリエイティブ,web改善,SyncSearch,35,60
クリエイティブ,web改善,ポップリンク,45,80
クリエイティブ,web改善,Trinity,70,90
クリエイティブ,web改善,DOOONUT,20,35
クリエイティブ,web改善,HITOTSUNAGU CRO,30,95
クリエイティブ,web管理（コンテンツ販売）,BACON,65,95
クリエイティブ,web管理（コンテンツ販売）,note,35,20
クリエイティブ,web構築,AIMY Screen,30,80
クリエイティブ,web構築,Clipkit,15,100
クリエイティブ,web構築,Designers-MVP,30,60
クリエイティブ,web構築,PRECS,35,40
クリエイティブ,web構築,pronel,50,55
クリエイティブ,web構築,Slideflow,30,75
クリエイティブ,web構築,SPIRALR スパイラル,20,55
クリエイティブ,web構築,クローバPAGE,70,65
クリエイティブ,web構築,ペライチ,15,55
クリエイティブ,web構築,モノクラギルド サイト制作,40,15
クリエイティブ,web構築,忍者ツールズ,65,55
クリエイティブ,web構築,ACROVE FORCE,20,65
クリエイティブ,web構築,BASE,50,90
クリエイティブ,web構築,Commerble EC PaaS,15,55
クリエイティブ,web構築,e-shopsカートS！,40,30
クリエイティブ,web構築,ebisumart,10,70
クリエイティブ,web構築,futureshop omni-channel,55,70
クリエイティブ,web構築,MakeShop,15,30
クリエイティブ,web構築,PRAMS EC,45,50
クリエイティブ,web構築,Stailer,35,15
クリエイティブ,web構築,W2ソリューション,50,80
クリエイティブ,web構築,イージーマイショップ,20,65
クリエイティブ,web構築,メルカート,35,15
クリエイティブ,web構築,RONGO LIVE,15,45
クリエイティブ,web構築,Appify,50,20
クリエイティブ,web構築,MGRe,55,100
クリエイティブ,web構築,onLINE,50,20
クリエイティブ,web構築,Platio,55,65
クリエイティブ,web構築,yappli,55,80
クリエイティブ,web構築,スマートコンバート,40,45
クリエイティブ,web構築,PIECE,45,90
クリエイティブ,web構築,Querier,25,30
クリエイティブ,web構築,求人サイト構築メイド,25,50
クリエイティブ,web構築,icey,45,30
クリエイティブ,web構築,miraie,65,80
クリエイティブ,web構築,SELECTTYPE,60,30
クリエイティブ,開発支援,applican,30,75
クリエイティブ,開発支援,Front-end.AI,35,35
クリエイティブ,開発支援,アプリワン,40,15
クリエイティブ,開発支援,Engineerforce,50,80
クリエイティブ,動画,GikenAccess,65,20
クリエイティブ,動画,TAGsAPI,25,20
クリエイティブ,動画,アロバビュー,60,80
クリエイティブ,動画,セーフィー,30,70
クリエイティブ,動画,knowbuild,50,25
クリエイティブ,動画,PENCIL,55,30
クリエイティブ,動画,CM STUDIO,15,85
クリエイティブ,動画,SoVeC Smart Video,60,20
クリエイティブ,動画,VIDEO BRAIN,65,65
クリエイティブ,動画,リチカクラウドスタジオ,45,45
クリエイティブ,動画,MIL,45,85
クリエイティブ,動画,1Roll,15,95
クリエイティブ,動画,Bizenter,15,40
クリエイティブ,動画,e-Distribute,15,10
クリエイティブ,動画,J-Stream Equipmedia,40,90
クリエイティブ,動画,Livemo,20,30
クリエイティブ,動画,MediaPack メディアパック,25,65
クリエイティブ,動画,millvi,30,60
クリエイティブ,動画,クラストリーム,35,50
電話,IP電話,MiiTel,20,15
電話,CTI,BlueBean,25,50
電話,CTI,CallTree コールツリー,45,20
電話,CTI,CT-e1/SaaS,50,90
電話,CTI,ftel エフテル,45,10
電話,CTI,GoodLine,50,70
電話,CTI,InfiniTalk インフィニトーク,20,50
電話,CTI,List Navigator.,65,100
電話,CTI,MEDIA-CTI メディアCTI,70,40
電話,CTI,TramCCS PoweredBy Avaya,50,65
電話,CTI,アポ放題,55,55
電話,PBX,CallConnect,25,70
電話,PBX,Extension Power,60,65
電話,PBX,Flat-Phone フラットフォン,45,60
電話,PBX,INNOVERA PBX,25,80
電話,PBX,MOT TEL モッテル,50,20
電話,PBX,U3 Voice　クラウドPBX,15,20
電話,PBX,V-SQUARE,65,80
電話,PBX,クラウドPBX,30,80
電話,PBX,トビラフォン Cloud,50,90
電話,PBX,マトメテクラウドPBX,50,65
電話,SMS,KYUSMS,35,20
電話,SMS,Push!SMS,60,70
電話,SMS,絶対リーチ!SMS,35,75
電話,電話代行,fondesk,60,45
電話,電話代行,ビジネスアシスト,50,65
広報,PR・広報,PRオートメーション,45,85
広報,PR・広報,Who’z,70,10
広報,PR・広報,talentbook,60,90
広報,PR・広報,PR Analyzer,45,35
広報,PR・広報,BiZMiL SURVEY,25,20
経営,BCP策定,​CloudBCP,55,100
経営,ERP,CAM MACS,20,95
経営,ERP,ConnectPlusGT,65,50
経営,ERP,GRANDIT miraimil,65,100
経営,ERP,HUE,35,80
経営,ERP,InfiniOne ERP,10,70
経営,ERP,MA-EYESnc,50,55
経営,ERP,mcframe GA,50,60
経営,ERP,multibook,15,80
経営,ERP,OBIC7,65,35
経営,ERP,Plaza-i,50,75
経営,ERP,SmileWorks,50,55
経営,ERP,ZAC Enterprise,20,70
経営,ERP,クラウドERP ツバイソ,55,100
経営,ERP,スーパーカクテルCore,55,45
経営,IT投資管理,digsas,10,70
経営,SCM,PlanNEL,65,100
経営,SCM,T3SmartSCM,40,45
経営,SDGs,KIBOH2030,40,35
経営,SDGs,Lookat.socialmeter,15,80
経営,クラウドファクタリング,OLTA,70,20
経営,経営管理,board,35,100
経営,経営管理,LaaS BS,20,40
経営,経営管理,Loglass,50,25
経営,経営管理,Yoii Fuel,50,60
経営,経営管理,Scheeme,15,70
経営,経営管理,SEALS,65,95
経営,経営管理,BizForecast,45,25
経営,経営管理,ChoiceRESERVE チョイスリザーブ,45,100
経営,経営管理,DivaSystem FBX,25,90
経営,経営管理,GATE Reserve,55,35
経営,経営管理,Manageboard,65,15
経営,経営管理,medicalforce,35,60
経営,経営管理,Sactona,25,60
経営,経営管理,STOERS 予約,60,65
経営,経営管理,TableCheck,40,100
経営,経営管理,トレタ,65,50
経営,経営管理,順番待チ&予約受付システム EPARK,70,65
経営,経営管理,Leaner,35,80
経営,経営管理,債権管理,30,50
経営,経営管理,ACC Professional Suite,70,55
経営,経営管理,V-ONE クラウド,60,15
経営,経営管理,事業発展,15,20
経営,経営管理,projection-ai,45,75
経営,経営管理,ミクセス,45,65
経営,経営管理,Innovation Platform,45,20
経営,経営管理,Throttle,30,50
経営,経営管理,Pocone,70,50
経営,経営管理,ZUVA,65,20
経営,経営管理,LEEAD,45,95
経営,経営管理,DeRISK,45,45
経営,経営管理,商標登録,20,95
経営,経営管理,TORERU,60,100
経営,経営管理,テクノロジー,70,50
経営,経営管理,AI構築,45,65
経営,経営管理,AI inside,25,60
経営,経営管理,AMATERAS RAY,20,80
経営,経営管理,DataRobot,70,45
経営,経営管理,MatrixFlow,15,50
経営,経営管理,Nural Network Console,10,90
経営,経営管理,カスタムAI,35,50
経営,経営管理,AR,35,35
経営,経営管理,palanAR,55,50
経営,経営管理,MAP,70,25
経営,経営管理,MapFan API,20,75
経営,経営管理,OCR,70,25
経営,経営管理,AIヨミト~ル,55,85
経営,経営管理,JSOL AI-OCRソリューション,55,75
経営,経営管理,IOT,70,15
経営,経営管理,AppPot IoT,25,40
経営,経営管理,SpaceCore,65,70
経営,経営管理,バーチャル,45,75
経営,経営管理,NEUTRANS BIZ,70,25
経営,経営管理,Remotiive,45,55
経営,経営管理,roundz,20,85
経営,経営管理,Spacely,45,30
経営,経営管理,VReception,65,75
経営,経営管理,VRider DIRECT,25,85
経営,経営管理,スマートカスタム住宅,50,45
経営,経営管理,mycrew,50,85
経営,経営管理,oVice（オヴィス）,25,80
経営,経営管理,Parafice,30,15
経営,経営管理,pl@ce,40,90
経営,経営管理,Remorks,70,85
経営,経営管理,VoicePing,35,30
経営,経営管理,Sharely,50,90
経営,経営管理,IT資産,30,45
経営,経営管理,IT資産管理,40,60
経営,経営管理,Assetment Neo,35,75
経営,経営管理,AssetView,35,85
経営,経営管理,DREAMS,50,60
経営,経営管理,e-Survey+,70,90
経営,経営管理,E-Trident Eトライデント,35,95
経営,経営管理,ESS SmartIT Operation,60,50
経営,経営管理,iNetSec SF,25,80
経営,経営管理,IT Policy N@vi,65,35
経営,経営管理,IT’s Cloud,55,20
経営,経営管理,KAITOシリーズ,25,75
経営,経営管理,LANSCOPE,55,20
経営,経営管理,MaLionCloud,60,85
経営,経営管理,MCore,70,30
経営,経営管理,OneGate,60,70
経営,経営管理,PalletControl,60,20
経営,経営管理,SS1,20,80
経営,経営管理,System Answer G3,70,50
経営,経営管理,System Support best1,65,40
経営,経営管理,yamory,20,60
経営,経営管理,シスクル,55,30
経営,経営管理,ジョーシス,40,75
経営,経営管理,タグ衛門,50,75
経営,経営管理,ITboard,20,85
経営,経営管理,イエソド,55,65
経営,経営管理,ADMS,55,25
経営,経営管理,ADSelfService Plus,45,35
経営,経営管理,CA Single Sign-On,70,70
経営,経営管理,CloudGate UNO,65,65
経営,経営管理,CloudLink,45,100
経営,経営管理,Evidian Web Access Manager,35,85
経営,経営管理,HENNGE One,50,95
経営,経営管理,IIJ IDサービス,70,55
経営,経営管理,KDDI Business ID,45,35
経営,経営管理,Okta,25,65
経営,経営管理,ROBOT ID,60,100
経営,経営管理,WisePoint,50,95
経営,経営管理,ネクストセット・シングルサインオン,30,70
経営,経営管理,A3Cloud,65,85
経営,経営管理,Thunder ADCシリーズ,50,65
経営,経営管理,DiskDeleter,65,55
経営,経営管理,ALog SERIES,70,30
経営,経営管理,ASURA,55,95
経営,経営管理,AUDIT MASTER,30,50
経営,経営管理,DEFESA Logger Series,60,30
経営,経営管理,LifeKeeper,50,55
経営,経営管理,Logstorage,30,55
経営,経営管理,MylogStar,45,40
経営,経営管理,マイウォッチャー クラウド,65,90
経営,経営管理,特権ID管理ソリューション,65,100
経営,経営管理,L2Blocker,30,75
経営,経営管理,マガタマプラットフォーム,70,95
経営,経営管理,Assetment Neo アセットメントネオ,40,60
経営,経営管理,MDM,50,45
経営,経営管理,MobiControl モビコントロール,40,100
経営,経営管理,Optimal Biz オプティマルビズ,20,25
経営,経営管理,Remote TestKit,40,65
経営,経営管理,SPPM 2.0,20,55
経営,経営管理,VECTANT セキュアデバイスマネージメント,50,35
経営,経営管理,SSO,50,30
経営,経営管理,Azure Active Directory シングル サインオン,15,100
経営,経営管理,Digital Workforce,35,95
経営,経営管理,Gluegent Gate,40,35
経営,経営管理,ID Federation,55,50
経営,経営管理,LaKeel Passport,30,35
経営,経営管理,Online Service Gate,25,95
経営,経営管理,Single Sign-On Manager,25,75
経営,経営管理,SmartSESAME PCログオン,15,60
経営,経営管理,SSOcube,15,15
経営,経営管理,TrustBind/Federation Manager,25,55
経営,経営管理,WisePoint 8,15,85
経営,経営管理,トラスト･ログインby GMO,35,75
経営,経営管理,アカウント管理,55,15
経営,経営管理,D-PLAMS,15,35
経営,経営管理,メタップスクラウド,35,60
経営,経営管理,ストレージ,50,30
経営,経営管理,AOSBOX Business,50,45
経営,経営管理,BackStore,20,80
経営,経営管理,DirectCloud-BOX,30,100
経営,経営管理,Everidays,30,60
経営,経営管理,Fleekdrive,70,60
経営,経営管理,IPFS SOUKO,50,20
経営,経営管理,セキュリティ,40,55
経営,経営管理,TrueOffice,60,25
経営,経営管理,ISM CloudOne,65,55
経営,経営管理,CyberNEO,45,75
経営,経営管理,攻撃遮断クン,60,25
経営,経営管理,i-FILTER,55,50
経営,経営管理,情報漏えい防止,40,55
経営,経営管理,DataClasys,40,85
経営,経営管理,NonCopy 2,55,60
経営,経営管理,物流・倉庫,25,80
経営,経営管理,モビリティ管理,10,100
経営,経営管理,Cariot,40,20
経営,経営管理,CREW Express,40,55
経営,経営管理,LYNA,25,65
経営,経営管理,MOVO Berth,65,20
経営,経営管理,SmartDrive Fleet,30,50
経営,経営管理,SmaRyu,45,100
経営,経営管理,トラッカーズマネージャー,30,50
経営,経営管理,バスキャッチ,70,70
経営,経営管理,配車頭,30,60
経営,経営管理,Loogia ルージア,25,45
経営,経営管理,在庫管理,65,50
経営,経営管理,AiR Logi,15,90
経営,経営管理,FULL KAITEN,25,25
経営,経営管理,HAPILOGI ASIMS,30,85
経営,経営管理,Locus Mapping,65,100
経営,経営管理,ZAICO,25,45
経営,経営管理,ロジクラ,25,65
経営,経営管理,LOGILESS,15,90
経営,経営管理,TEMPOSTAR,65,50
経営,経営管理,ファーマクラウド,15,35
経営,経営管理,受発注管理,45,60
経営,経営管理,Bカート,35,85
経営,経営管理,MOS Lite,25,45
経営,経営管理,ORANGE OMS,65,70
経営,経営管理,SpreadOffice,20,55
経営,経営管理,ネクストエンジン,20,65
経営,経営管理,受注デポン,30,95
経営,経営管理,受発注CO-NECT,50,15
経営,経営管理,助ネコ,15,100
経営,経営管理,生産管理,20,75
経営,経営管理,FactoryNavi,25,75
経営,経営管理,GENESISS,30,75
経営,経営管理,Othello Connect,65,90
経営,経営管理,PT-SaaS,45,50
経営,経営管理,R-PiCS V4,50,30
経営,経営管理,rBOM V3,20,75
経営,経営管理,クラウド2Mfg生産管理,70,75
経営,経営管理,サクット工程SP,40,100
経営,経営管理,最適ワークス,30,30
経営,経営管理,生産管理システム,45,90
経営,経営管理,patternstorage,35,40
経営,経営管理,シタテルクラウド,25,55
経営,経営管理,Farmnote cloud,35,30
経営,経営管理,vetell,30,60
経営,経営管理,Porker,50,20
経営,経営管理,AGRIOS,30,50
経営,経営管理,倉庫管理,50,55
経営,経営管理,ci.Himalayas/wms,65,95
経営,経営管理,COOOLa,65,70
経営,経営管理,Kitting-One,25,95
経営,経営管理,LexxPluss,25,60
経営,経営管理,ロジザードZERO,60,100
経営,経営管理,物流管理,15,30
経営,経営管理,dDrive,55,20
経営,経営管理,GWES,20,85
経営,経営管理,トドケール,30,35
経営,経営管理,ロジメーター,50,80
経営,経営管理,SIMLES,50,60
経営,経営管理,Giho,30,90
経営,経営管理,Zenport,70,40
経営,経営管理,TODOCU,15,60
経営,経営管理,nimaru,30,40
経営,経営管理,PickGo,60,85
不動産・賃貸・店舗,賃貸管理,ITANDI BB(イタンジ ビービー),50,100
不動産・賃貸・店舗,賃貸管理,賃貸革命10,20,95
不動産・賃貸・店舗,賃貸管理,スマサテ,50,15
不動産・賃貸・店舗,店舗管理,KINCHAKU,30,100
不動産・賃貸・店舗,店舗管理,ロウカリ,60,75
不動産・賃貸・店舗,店舗管理,店番長,45,55
不動産・賃貸・店舗,店舗管理,Canly,35,45
不動産・賃貸・店舗,物件管理,リアプロ管理,70,95
不動産・賃貸・店舗,物件管理,スマート物確,15,45
不動産・賃貸・店舗,トレーニング管理,パーソナルトレーニング管理システム,30,60
医療,オンライン診療,curon,25,40
医療,オンライン診療,YaDoc,20,35
医療,電子カルテ,CLINICS,60,95
医療,電子カルテ,CLIPLA,25,60
医療,電子カルテ,HealtheeOneクラウド,40,90
医療,電子カルテ,Medi-Aibis,40,85
医療,電子カルテ,Raklu（ラクル）,50,20
医療,電子カルテ,イージーカルテ,20,75
医療,電子カルテ,医療用データウェアハウス CLISTA!検索機能(CLISTA! SEARCH),60,45
医療,電子カルテ,電子カルテシステム カルテMan･Go!,45,40
医療,電子カルテ,Hi Dental Spirit XR-10i,55,85
医療,電子カルテ,LiME,45,25
医療,電子カルテ,iBow,35,85
医療,電子カルテ,kusudama(薬玉),40,90
医療,ケア支援,ミルモプラン,55,20
